start	end	text
0	6560	Yes, just one change for France and it's a big one. Antoine DuPont returning. Just 24 days after
6560	13200	suffering that fractured cheekbone. Cyril Byte, Petto Malvaca and Winnie Atonio are the front row
13200	17920	for France this evening. A huge night ahead for two French locks. Perhaps no more for their
17920	23360	mobility than power. Cameron Wocky, who was born in South and he just down the road, teams up with
23360	29040	T-bone flammel. Anthony Jellon only recently returned playing at the six months out with an
29040	34640	ACL injury. He's in the back row with Lara Shell number eight, Greg Aldrin and Frances Topp,
34640	41120	tri-scoring Ford, obel-time, Charles Ollibon. Has that famous cheekbone fully healed? Well,
41120	46480	we will find out. It's a 20th test that's captain for Antoine DuPont. Fly-heart, much
46480	52720	is Jellibon. Has made the number ten shot all his own at this tournament. Jonathan Donte has
52720	57920	won each of his last 18 tests playing for France. His combination with the fence captain Gail
57920	65600	Ficku could be crucial. Louis BLBRA only turned 20 in June this year. He plays his first game at
65600	71920	the Stad de France. Damien Peno has seven tries in his last seven tests. The fullback Thomas Ramos
72000	79120	is the leading point scorer at the World Cup. 13 of the France match day 23 have never lost
79120	84160	at this stadium. Well, seven of the South African match day squad played in their previous two
84160	89440	World Cup quarterfinal. Stephen Kitsop gets a start at loose head prop. A big responsibility
89440	93840	again for Bonge, Ilmanambi and Hookah. After that tournament ending injury to Malcolm Marks,
93840	99760	France, Mel Herbert plays in a third quarterfinal. Only Brian Habana and Vixermatfield have more
99760	104240	sprung more caps than even that's a bet. He teams up with the equally abrasive Franco
104240	110800	Moster in the second row. Syracalisi leads South Africa for a 51st time. The oldest player in
110800	114960	the squad, Dwayne Van Nuleen, takes over at number eight. Former World Player of the year,
114960	122800	Peter Stepke Toye, where seven. A big selection call at nine and ten. Cobus Reiner and Mani Libak
122800	128400	are preferred to fat the clerk at Andre Pollard who are on the bench this evening. Two World Cup
128400	134160	winners in the midfield, Damien Dehlindy and Jesse Creel. Creel has three tries in his previous
134160	140400	five tests against France. South Africa, a yet to score a counter attack try at this World Cup.
140400	145600	That could change with the likes of Chesslyn Colby. Curly Aronsa and Damien Hilmsa,
145600	151200	seaming up in the back three. Perhaps surprisingly, again, there's five forwards and three backs on
151200	156960	the South African bench, but plenty of power and talent to call upon as usual.
166720	173520	A nation united for a World Cup dream. Back in Paris after a road trip around the country,
173520	181040	a tour to France, if you like. France and South Africa for a place in the semi-final,
181840	189040	Leblah looking to continue their quest for World Cup glory. There's also cats in France
189840	194480	on many occasions. There's a little bink over the top from Dupont. It's for Jalibere and the
194480	202080	fly half has scooped it up for France. Dupont already making things happen and look at Louis,
202080	213200	B.O. B.O. Ray. Almost. It's a Malvaca for Cameron Wauke.
217040	223200	And they're rumbling forward, France. They're almost there. Malvaca.
225120	230560	Change it direction from Wauke, penalty advantage France, Peno for zero by.
232240	245680	And we're barely three minutes in and already the roof is lifted off the Stad de France.
245680	251600	But look at the slick hands of the bag of the skip. Good pass, Peno in the finish by the big number one.
252160	254160	Cirol by.
259200	268800	Davis Rhinoch tries to charge it down, but the flags are up very clever from the vastly experienced
268800	276400	evidence of it. He's 111st match tonight. His BLB alright, the young 20 year old Tyro coming in
276480	280560	off his left wing. Gregory Older again.
285200	287680	Turn on the South Africa.
291120	295920	To win the Mule and involved in that I think. Vitcher number right, kick Ty.
295920	300400	Let's go on backwards and look at Curly, Adam, Adam says got space in front of him.
301760	303920	And he will score for South Africa.
306720	308240	Against the run of play.
310000	312640	The spring box had their first try the night.
312640	317520	Making all or nothing play the back end of it after the turn over from Dwayne,
317520	324480	Ben Mule and up high. Rhinoch becomes a 50-50 ball there. Let's get here. Curly, Aronser can fly.
326880	333120	12 tries in his previous 12 test matches coming into this quarter final. Curly, Aronser.
333120	334160	He is lightning.
336000	339760	And there wasn't anything that some at Ramos could do about that.
341600	343520	Shot clocks down to five seconds.
346000	348640	Tries to curve it round and he does.
352240	357120	Donty. So often the source of momentum for France.
357120	360720	Penalty.
369920	371840	We won't have the distance. It hits the upright.
371840	372320	Villains up.
374080	375520	Don't take it on the first grab.
375520	381520	Step to toy wins the line out.
381520	384480	That's a little unstraight but they carry on.
384480	390720	Here's Aronser the tri-scorer through a half gap offloads Jesse Creel now.
390720	394720	It's slightly leading with the left arm. That's what the crowd are unhappy about.
394720	398880	Here's Lubbock. High crossfield kick.
398880	403840	Wokey, but it's in the hands of Dale Indy.
403840	407040	Tommy and Dale Indy still going the inside centre.
409600	411360	South Africa looking for their second try.
414800	418160	A Dale Indy will score it for the screen box.
421040	422160	We're Curly, Aronser.
422880	424080	Decided to take it in.
425040	426160	Couple of passes here.
426160	427440	Went to ground.
427440	430080	Creel was the one in the end that set it up.
430080	434160	Which allowed them to get their line sorted for the cross kick from Lubbock.
434160	436160	And from there it becomes a 50-50 ball.
436160	437200	Look at all the chases.
437200	439520	Green Jersey, Foucault can't handle it.
439520	441360	This guy here, I'm a real fan of him.
441360	444160	Dale Indy goes straight ahead but look at that.
444160	446480	If it on effort, play from the number 12.
446480	448080	It gets off off the deck.
448080	449120	It gets back into play.
450560	451520	And then gets the score.
452400	454320	Well, only Jean de Villiers has started more.
457120	459680	Laser-like pass from Dupont, this yellow there.
459680	461200	Ramos, Peno.
462320	463680	Back inside to Dupont.
466560	467440	Ramos now.
471280	472960	They pick and go, Dupont.
476640	478320	See if Colisey asks the referee.
478320	479200	Can I have a go at that?
479200	479920	He said, yes.
479920	482560	And that's exactly what the screen box captain has done.
482560	484800	But Dupont still have the ball.
484800	485520	I think they do.
486960	487760	Malvaca.
493760	495120	She got flammable.
495120	496720	That's a done to you again.
500960	502960	And France, do you get the penalty?
502960	504560	And Dupont's going to play quickly.
504560	505760	And Swan Dupont.
505760	507760	Malvaca, he scores.
516320	517440	And now Malvaca.
518720	520240	Here's the initial go for it.
522320	526560	From Donte, the quick tip from the everywhere Dupont Mania's class
526560	527920	in the pass to finish.
531600	533040	Well, the impact he's making already.
533040	534000	It's incredible, isn't it?
534000	536400	And Jellibar spoke about it during the week.
536400	539040	Like he said, he knows he's capable of making such a big difference.
539040	542400	He inspires that fear in opponents that the France fly off.
543760	544240	Ramos.
545200	548160	It's been charged down by Chesslyn Colby.
553600	555040	It remains 12 each.
557200	558960	Oh, effort plays as a coach.
558960	559760	This is what you love.
559760	562400	He takes a long time and has won up.
562400	563840	And this guy is super quick.
564640	565760	I'm going to hook up by Crook, France.
565760	566880	I brought this line out down.
568880	570240	Cyril by again.
570240	572800	So thrilled to have him back after missing a few
572880	574160	going to that calfstrain.
574160	575040	He's all drip now.
576000	579280	So often that the primary ball carrier for France.
580320	582320	Antonio from Laryshell.
583840	584800	This ball was out.
585520	586160	The ball's out.
586160	586800	Says the referee.
586800	588080	Good lines me from South Africa.
588080	589360	And they've got possession.
589360	590720	Here's Jesse Creel.
590720	591760	Put it on the toe.
591760	593040	Chesslyn Colby.
593040	594240	It sits up for him.
598480	599680	Chesslyn Colby.
600240	603040	Is absolutely lightning.
603040	604080	Put South Africa.
604080	605600	It's picked up.
605600	606800	Laryshell by the toy.
606800	608000	It's been touched by green.
608000	609600	Got recognition from Creel.
609600	610880	To kick this ball through.
610880	613520	And this guy here's got box office.
613520	613920	Bean.
614800	615520	Chesslyn Colby.
618160	620240	Well, they're called score to try
620240	621520	in the World Cup final.
622560	624160	Four years ago in Japan.
624400	626400	Well, what a sight that is,
626400	628400	Chesslyn Colby in full flight.
632240	633280	Now he'll live it.
633280	635040	He's hit it very well, though.
635040	636240	Please get it restarted on him.
639040	641040	Six kicks for Manson Dupont.
641040	642720	Attacking kicks as well.
642720	644240	Melvacher comes around the corner.
644240	645920	The dummy from the hooker.
647920	648720	Good tackle for Mel Herba.
648720	649760	The tight head prop.
649760	650560	He's done to.
650720	652240	Cruncher over the line.
652240	654240	Cheering for the score.
654240	655440	Cyril By.
657440	659440	And he has a second try for France.
663440	665680	They get their third try of the half.
665680	667680	And the conversion.
667680	669680	Well, level it up once more.
669680	671680	Faka with a good hold off the line out.
671680	673680	And he's got a second try for France.
673680	675680	They get their third try of the half.
675680	677680	And the conversion.
677680	679680	Well, level it up once more.
679680	680880	Off the line out.
680880	682560	The move was actually given the pass there,
682560	684080	but he saw up a bit of space.
684080	686800	And then Don, do we know he loves this part of the field?
686800	688960	He hits it up on the back of that rock.
688960	691280	Because he just stood the left hand side.
691280	692720	Great body position.
692720	693840	Great power.
693840	694640	Bygots too.
697280	700160	In the six nations for the last three years for France.
700160	701760	That's our crucial he is.
701760	703360	Ramos.
703360	705600	Jensen over for the extra two.
705600	707040	Well, level at 19.
708000	710560	France have a penalty advantage.
710560	712000	Here's Don to you again.
712000	713840	Loose ball out the back to Jalabé out.
713840	716480	Get away from Jesse Creole as much as Jalabé out.
716480	717840	Flicks it out the back for Peno.
717840	719680	It's gone behind him.
719680	722880	Gold is off to the races, but they'll go back for the penalty advantage.
722880	725680	So I'm just going to give you some space.
725680	727200	So Brendan coming upstairs to you.
727200	728880	Got the teacher of foul play.
728880	732320	Go on the book screen and we'll let you know what we're going to do.
732320	733440	Yes, Ben, I'm going to show you.
733440	735760	Hit on hit contact by some Africa four.
736720	738160	Since it's a ten minute to say.
740480	742320	Oh yeah.
742320	743360	Crown of the head too.
746800	749680	There is mitigation, I think, with them dipping.
749680	751840	So we've got direct hit on hit contact.
751840	752640	It is foul play.
752640	753760	You need to be lower.
753760	754720	So it's a yellow card.
754720	755520	It's foul play.
755520	757120	And a review.
757120	759120	But that's a bad.
759120	760240	Goes to the send in.
760240	767760	Tomat Ramos to put France in front.
767760	772720	And he does just that as we go to halftime.
775920	780160	Entertainment plus in the first 40 minutes here at the stand.
780160	783760	The France three tries a piece.
783760	789440	Manchester Jalabé gets us back under way.
789440	792640	40 minutes from a semi-final.
792640	794640	Six.
794640	798640	Vantage.
798640	801840	Vantage to France.
801840	804240	Two pop complete.
804240	807280	He goes the short side to Jalabé.
807280	809600	Steps away from one defender.
809600	811440	Hit the penalty advantage.
812400	814640	The crowd will tell the story.
814640	819840	Tomat Ramos is the first point of the second half.
819840	823280	Almost making the decision of what to do here.
823280	827280	Archis Naiman to Bumulan.
827280	829280	To Clark.
829280	833280	Advancing South Africa twisting, looking for the try.
834240	836240	To Clark.
836240	839920	Advancing South Africa twisting, looking for the try.
839920	841920	20 release.
841920	845360	No, you've got the penalty advantage for upside.
848320	850480	To Clark.
850480	851760	You invited offside.
851760	853520	Finds one of his forwards.
853520	855360	This for free.
855360	856960	To Clark to Edsonbeth.
856960	861840	Edsonbeth has the try for South Africa.
862240	864240	Careful, careful, careful.
864240	867760	To take that tip.
867760	869040	But look at the big boy.
869040	871040	Edsonbeth, go rumble.
871040	872320	He gets you some, son.
876160	877680	His sixth test.
877680	879440	Jalabé gets us back under way.
880240	882400	Approaching the final 10 minutes.
882400	884400	South Africa Noah got there.
884400	885440	Very well for France.
885440	886560	And they've one possession here.
886560	887680	Dupont skips away.
888640	890640	Loose ball, Wokey's there.
890640	891840	Anything, anything anyone?
891840	894480	Here is the fence coming in from
894480	895680	Diel Fury.
895680	897680	Penalty again.
897680	900080	To South Africa.
900080	902080	Thank you.
902080	906320	Pollard from 52 meters.
906320	909520	The flags are up.
909520	911520	France needs a recycle.
911520	912320	They do so.
912320	915360	Waddy hasn't been he's roughed up by the club.
915360	916960	Advancing France.
916960	918960	He'll need knowledge.
918960	922960	Ramos is going to cross kick with the free hit.
922960	924960	It's too heavy.
924960	926960	Colby marks and they'll come back.
926960	928960	Well, now there's a decision to be made.
928960	930960	What they do with this penalty.
930960	934960	Ramos straight down the middle.
934960	936960	No problem.
936960	940960	We're back to a one point game in the quarter final.
940960	942960	Tauper for Noah.
942960	944960	Leave there.
944960	946960	No, he's going.
946960	950960	King, that's good.
950960	952960	Raise up Waddy.
952960	954960	Just takes his time.
954960	956960	Needs to get low here.
956960	958960	But what a carry.
958960	960960	That is.
960960	962960	He's lost the ball.
962960	964960	The clock's in the red.
964960	966960	And says like Colby.
966960	968960	South Africa.
968960	972960	Power on to the semi final.
972960	978960	French World Cup dreams are shattered.
978960	982960	That's what we're going to do.
982960	986960	Power on to the semi final.
986960	990960	French World Cup dreams are shattered.
