start,end,text,event,score
0,5,a referee is ben okeefe from new zealand touched judges matiore nel james dolman,kick_off,0.71
3,8,a referee is ben okeefe from new zealand touched judges matiore nel james dolman brandon pickle is a tv match official,kick_off,0.71
6,11,touched judges matiore nel james dolman brandon pickle is a tv match official bell rings,kick_off,0.71
9,14,brandon pickle is a tv match official bell rings number one in the world ireland take on the defending champion south africa,kick_off,0.71
12,17,bell rings number one in the world ireland take on the defending champion south africa its a pull beam match which could easily be as tight as a facelift,kick_off,0.71
15,20,take on the defending champion south africa its a pull beam match which could easily be as tight as a facelift,normal_play,0.07
18,23,its a pull beam match which could easily be as tight as a facelift welcome to start to france straight away its simon villosa into the freyhees up ended,knock_on,0.13
21,26,welcome to start to france straight away its simon villosa into the freyhees up ended south africa in their white jersey,knock_on,0.13
24,29,its simon villosa into the freyhees up ended south africa in their white jersey their third strip at this rugby world cup buf the clerk looking to go wide early on,normal_play,0
27,32,south africa in their white jersey their third strip at this rugby world cup buf the clerk looking to go wide early on and its been spilled on that part of the side by cheson colby,Knock-On,0
30,35,buf the clerk looking to go wide early on and its been spilled on that part of the side by cheson colby,Knock-On,0
33,38,and its been spilled on that part of the side by cheson colby,Knock-On,0
36,41,ambitious soon to south africa straight off the start,normal_play,0
39,44,ambitious soon to south africa straight off the start the kick from milan comes straight down the middle,Kick,0
42,47,ambitious soon to south africa straight off the start the kick from milan comes straight down the middle i think buf the clerk just a little bit of extra nervous energy,Kick,0
45,50,the kick from milan comes straight down the middle i think buf the clerk just a little bit of extra nervous energy in that pass probably overcooked a little bit,replay,0.22
48,53,i think buf the clerk just a little bit of extra nervous energy in that pass probably overcooked a little bit normally so efficient at getting out of this part of the field to south africa,replay,0.22
51,56,normally so efficient at getting out of this part of the field to south africa look hes glad to take him off heres go,replay,0.22
54,59,normally so efficient at getting out of this part of the field to south africa look hes glad to take him off heres go,replay,0.22
57,62,look hes glad to take him off heres go hes taken it time off,replay,0.22
60,65,hes taken it time off look at this for a statement off the opening chase,replay,0.22
63,68,time off look at this for a statement off the opening chase thumbs off,normal_play,0
66,71,look at this for a statement off the opening chase thumbs off its callaghan gets the water technique in the tackle,Tackle,0.55
69,74,its callaghan gets the water technique in the tackle drives villosa back i think weve got a little bit of an early issue for josh vandervele here,Tackle,0.55
72,77,drives villosa back i think weve got a little bit of an early issue for josh vandervele here,normal_play,0
75,80,i think weve got a little bit of an early issue for josh vandervele here hes getting a bit of treatment chalking over,normal_play,0
78,83,hes getting a bit of treatment chalking over head coach took the role in 2020,normal_play,0
81,86,chalking over head coach took the role in 2020 he needs his position after this world cup to replace to a lancaster,normal_play,0
84,89,he needs his position after this world cup to replace to a lancaster head coach andy farrell there since 2016 as an assistant,normal_play,0
87,92,head coach andy farrell there since 2016 as an assistant but head coach since 2019,normal_play,0
90,95,head coach andy farrell there since 2016 as an assistant but head coach since 2019 and hes 33 out of 40 tests,normal_play,0
93,98,but head coach since 2019 and hes 33 out of 40 tests i mean that is an outstanding record hes going very smartly indeed,normal_play,0
96,101,i mean that is an outstanding record hes going very smartly indeed but this is the biggest test of all the rugby world cup,normal_play,0
99,104,hes going very smartly indeed but this is the biggest test of all the rugby world cup,normal_play,0
102,107,but this is the biggest test of all the rugby world cup this crowd is absolutely electric,lineout,0.39
105,110,this crowd is absolutely electric i tell you what,lineout,0.39
108,113,i tell you what irelands warm up song today was smoke on the water by deep purple,lineout,0.39
111,116,irelands warm up song today was smoke on the water by deep purple but in this stadium at the moment it is a sea of green,lineout,0.39
114,119,irelands warm up song today was smoke on the water by deep purple but in this stadium at the moment it is a sea of green they were expecting around 30 0 irish fans to come to start to france today,lineout,0.39
117,122,but in this stadium at the moment it is a sea of green they were expecting around 30 0 irish fans to come to start to france today but it certainly sounds like war,lineout,0.39
120,125,they were expecting around 30 0 irish fans to come to start to france today but it certainly sounds like war it is absolutely incredible,normal_play,0
123,128,but it certainly sounds like war it is absolutely incredible the pitch side you need his undone,normal_play,0
126,131,the pitch side you need his undone pinch at the line of time for south africa,Penalty,0.75
129,134,you need his undone pinch at the line of time for south africa he comes away though,Penalty,0.75
132,137,he comes away though for ireland down the right there,normal_play,0
135,140,he comes away though for ireland down the right there gives him park shifts it fords looking for some work around the fringes,normal_play,0
138,143,gives him park shifts it fords looking for some work around the fringes tight burn,normal_play,0
141,146,fords looking for some work around the fringes tight burn such an experienced player,normal_play,0
144,149,tight burn such an experienced player puts his head down does the monster man gives him park yet again to the left,normal_play,0
147,152,puts his head down does the monster man gives him park yet again to the left thats at the gary ringrose,normal_play,0
150,155,gives him park yet again to the left thats at the gary ringrose cuts it nicely into the 22 its ireland now,normal_play,0
153,158,cuts it nicely into the 22 its ireland now theyre building their phases nicely early on,normal_play,0
156,161,its ireland now theyre building their phases nicely early on burn again for the second carry sexton finds his full back,normal_play,0
159,164,burn again for the second carry sexton finds his full back you go keenan,intercept,0.39
162,167,sexton finds his full back you go keenan burn is one rolling into the nine such a cunning player with advantage to the irish side now,intercept,0.39
165,170,burn is one rolling into the nine such a cunning player with advantage to the irish side now furlong turns it to bundy aki,intercept,0.39
168,173,such a cunning player with advantage to the irish side now furlong turns it to bundy aki hes 50th international for his country,penalty,0.39
171,176,furlong turns it to bundy aki hes 50th international for his country ireland go to the right its a big pass,penalty,0.39
174,179,ireland go to the right its a big pass a lot of time,normal_play,0
177,182,its a big pass a lot of time the one who just won the wrong side and rolled into number nine will stay with ireland,normal_play,0
180,185,the one who just won the wrong side and rolled into number nine will stay with ireland,normal_play,0
183,188,will stay with ireland an early look at that ireland attack the deception at play is quite fantastic,normal_play,0
186,191,an early look at that ireland attack the deception at play is quite fantastic already weve seen those passes,normal_play,0
189,194,the deception at play is quite fantastic already weve seen those passes fizzed across the front of players as a defender it looks like theyre going to receive it,normal_play,0
192,197,fizzed across the front of players as a defender it looks like theyre going to receive it and then it goes to the next man,normal_play,0
195,200,as a defender it looks like theyre going to receive it and then it goes to the next man keeping on their rock speed as well irelands rock speed so far,touch_kick,0.16
198,203,keeping on their rock speed as well irelands rock speed so far fastest in the tournament,touch_kick,0.16
201,206,irelands rock speed so far fastest in the tournament less than three seconds per run and they are here to play,touch_kick,0.16
204,209,less than three seconds per run and they are here to play sexton will pop this one in the corner,touch_kick,0.15
207,212,and they are here to play sexton will pop this one in the corner ok jimmy good space good sit up,lineout,0.31
210,215,ok jimmy good space good sit up weve got the two by two for the nine,lineout,0.39
213,218,good sit up weve got the two by two for the nine one of the 70 irish bars around the globe certainly enjoying this endeavour from the irish side,lineout,0.4
216,221,one of the 70 irish bars around the globe certainly enjoying this endeavour from the irish side certainly enjoying this endeavour from the irish side,lineout,0.31
219,224,certainly enjoying this endeavour from the irish side certainly enjoying this endeavour from the irish side certainly enjoying this endeavour from the irish side certainly enjoying this endeavour from the irish side,lineout,0.31
222,227,certainly enjoying this endeavour from the irish side certainly enjoying this endeavour from the irish side how many,normal_play,0
225,230,certainly enjoying this endeavour from the irish side how many four matches four in the middle,normal_play,0
228,233,four matches four in the middle more passes in those two games than they did,normal_play,0
231,236,four in the middle more passes in those two games than they did in the whole of the last rugby walk up to the front they go,cross_kick,0.14
234,239,in the whole of the last rugby walk up to the front they go tideburn clon pinch,cross_kick,0.14
237,242,to the front they go tideburn clon pinch and its hoof downfield by colby not out,cross_kick,0.14
240,245,and its hoof downfield by colby not out left behind from mack hansen,normal_play,0
243,248,not out left behind from mack hansen alls gone backwards in the touch happy there jimmy,normal_play,0
246,251,alls gone backwards in the touch happy there jimmy spots a bit of space,normal_play,0
249,254,happy there jimmy spots a bit of space and its an awkward bounce but its good for south africa,normal_play,0
252,257,and its an awkward bounce but its good for south africa krills on the inside,normal_play,0
255,260,but its good for south africa krills on the inside big jesse krill into the 22 and a clean up from dio lendi,normal_play,0
258,263,big jesse krill into the 22 and a clean up from dio lendi through the legs it goes,normal_play,0
261,266,and a clean up from dio lendi through the legs it goes seven style play there from fuff de clac game back on jasper visser,normal_play,0
264,269,seven style play there from fuff de clac game back on jasper visser south africa now,normal_play,0
267,272,game back on jasper visser south africa now their chance to attack big step damien vonser,normal_play,0
270,275,their chance to attack big step damien vonser does one side of the 22,normal_play,0
273,278,big step damien vonser does one side of the 22 the ball is now for the spring box he re advanced,normal_play,0
276,281,the ball is now for the spring box he re advanced de clac works the short side to his captain,normal_play,0
279,284,he re advanced de clac works the short side to his captain siaf conlici,normal_play,0
282,287,siaf conlici got the penalty,Penalty,0.75
285,290,got the penalty bungie and the nambi big carry from the hooker,Penalty,0.75
288,293,bungie and the nambi big carry from the hooker visser again for the second time,normal_play,0
291,296,big carry from the hooker visser again for the second time irelands wall holding strong here comes yvan etzebeth,normal_play,0
294,299,irelands wall holding strong here comes yvan etzebeth,normal_play,0
297,302,here comes yvan etzebeth man thats built like a bulgarian vending machine,normal_play,0
300,305,man thats built like a bulgarian vending machine to the right it goes again,normal_play,0
303,308,vending machine to the right it goes again krill trying to skip through not back,penalty,0.32
306,311,krill trying to skip through not back and it will be a penalty,penalty,0.32
309,314,not back and it will be a penalty for south africa its a turning opening,penalty,0.32
312,317,for south africa its a turning opening four minutes,normal_play,0
315,320,its a turning opening four minutes green straight at the top of feet to me,normal_play,0
318,323,green straight at the top of feet to me shot there,normal_play,0
321,326,to me shot there hes getting some treatment on the ground now got hit a little bit late,normal_play,0
324,329,hes getting some treatment on the ground now got hit a little bit late i think james ryan went straight through him,normal_play,0
327,332,got hit a little bit late i think james ryan went straight through him there,replay,0.16
330,335,there,replay,0.16
333,338,the eyes up to the coaching box to see what kind of,replay,0.16
336,341,the eyes up to the coaching box to see what kind of shots called,replay,0.16
339,344,to see what kind of shots called two metres theres the ambition,replay,0.16
342,347,two metres theres the ambition from south africa,replay,0.16
345,350,theres the ambition from south africa its a pretty loose kick but the bounce did,replay,0.18
348,353,its a pretty loose kick but the bounce did answer a favour,replay,0.18
351,356,but the bounce did answer a favour were rolling this he dished it back inside to krill,replay,0.18
354,359,were rolling this he dished it back inside to krill who was supporting,replay,0.18
357,362,he dished it back inside to krill who was supporting ringrose with the scramble tackle and nearly on the pinch,replay,0.18
360,365,ringrose with the scramble tackle and nearly on the pinch we didnt see anything,Penalty,0.75
363,368,and nearly on the pinch we didnt see anything it was furious wasnt it from south africa,Penalty,0.75
366,371,it was furious wasnt it from south africa a little look at,penalty_kick,0.59
369,374,from south africa a little look at a bit of afters south africa area which theyve struggled in,penalty_kick,0.59
372,377,a bit of afters south africa area which theyve struggled in this rugby world cup,penalty_kick,0.59
375,380,south africa area which theyve struggled in this rugby world cup 10 out of 18 kicks theyve used manila bakkenpiks,penalty_kick,0.59
378,383,10 out of 18 kicks theyve used manila bakkenpiks shot,penalty_kick,0.59
381,386,theyve used manila bakkenpiks shot its a big part of winning rugby world cup matches,penalty_kick,0.59
384,389,its a big part of winning rugby world cup matches its at the,penalty_kick,0.59
387,392,of winning rugby world cup matches its at the far from the stormers,penalty_kick,0.59
390,395,far from the stormers south africas,penalty_kick,0.59
393,398,south africas first shot a goal,penalty_kick,0.59
396,401,first shot a goal manila bak turns,penalty_kick,0.59
399,404,manila bak turns the flags go up south africa have the opening points,replay,0.11
402,407,the flags go up south africa have the opening points in this game,replay,0.11
405,410,south africa have the opening points in this game they lead on at 3 0 off to 5,replay,0.11
408,413,they lead on at 3 0 off to 5,kick_off,0.6
411,416,theres the infringement,kick_off,0.6
414,419,theres the infringement a nice one for manila bakkenpik,kick_off,0.6
417,422,infringement a nice one for manila bakkenpik hes been backed by coach and captain in terms of his kicking,kick_off,0.6
420,425,hes been backed by coach and captain in terms of his kicking hes only on a 40 kicking,kick_off,0.6
423,428,in terms of his kicking hes only on a 40 kicking stat manila bakkenpiks,cross_kick,0.15
426,431,stat manila bakkenpiks shot,cross_kick,0.15
429,434,manila bakkenpiks shot sexta down the middle,ruck,0
432,437,sexta down the middle south africa needs 3 0,ruck,0.14
435,440,down the middle south africa needs 3 0 franco mostert is there he plays his rugby with the heat in japan,ruck,0.14
438,443,franco mostert is there he plays his rugby with the heat in japan can he use it,ruck,0.14
441,446,he plays his rugby with the heat in japan can he use it 50th cap against scotland during this rugby world cup,ruck,0.14
444,449,50th cap against scotland during this rugby world cup six seasons with the spring box,ruck,0.14
447,452,against scotland during this rugby world cup six seasons with the spring box he goes to the air colby comes down,ruck,0.14
450,455,he goes to the air colby comes down a bunch of green jerseys,normal_play,0
453,458,colby comes down a bunch of green jerseys they have it at the halfway line jamison gibson park,normal_play,0
456,461,they have it at the halfway line jamison gibson park theres scrum off,Scrum,0.7
459,464,jamison gibson park theres scrum off one of an instrument,Scrum,0.7
462,467,one of an instrument in the starting,normal_play,0
465,470,an instrument in the starting side very familiar with their team,normal_play,0
468,473,side very familiar with their team sexton tries to get it away,penalty,0.31
471,476,very familiar with their team sexton tries to get it away flying in penal the island,penalty,0.31
474,479,flying in penal the island no,penalty,0.31
477,482,penal the island no attempt to catch the ball we just hit that on the short pass,normal_play,0
480,485,attempt to catch the ball we just hit that on the short pass and,normal_play,0
483,488,we just hit that on the short pass and its over he only,touch_kick,0.13
486,491,its over he only plays outside,touch_kick,0.13
489,494,he only plays outside its really fascinating,touch_kick,0.13
492,497,its really fascinating little tactical battle,replay,0.11
495,500,really fascinating little tactical battle ireland playing with that flat attack,replay,0.11
498,503,ireland playing with that flat attack sexton taking it right,replay,0.11
501,506,playing with that flat attack sexton taking it right close to the line against the line speed of south africa,replay,0.11
504,509,close to the line against the line speed of south africa its a real challenge,lineout,0.31
507,512,against the line speed of south africa its a real challenge he holds his feet still to try and play around the line,lineout,0.31
510,515,he holds his feet still to try and play around the line its a,lineout,0.31
513,518,the line its a challenge its a,lineout,0.31
516,521,challenge its a challenge,knock_on,0.12
519,524,its a challenge it flies off the line it flies off the line,replay,0.11
522,527,it flies off the line it flies off the line such an acceleration,replay,0.11
525,530,it flies off the line such an acceleration as the scrum off theyve had trouble,replay,0.11
528,533,as the scrum off theyve had trouble theyve had trouble,replay,0.11
531,536,theyve had trouble theyve had trouble two knock ons sexton,replay,0.11
534,539,two knock ons sexton stavriga scrum,Scrum,0.7
537,542,sexton stavriga scrum heol scrums to,Scrum,0.7
540,545,heol scrums to the deck,normal_play,0
543,548,scrums to the deck leah jubrek dum durr,scrum,0.43
546,551,leah jubrek dum durr well be,scrum,0.43
549,554,leah jubrek dum durr well be making the calls,scrum,0.43
552,557,well be making the calls scrum the yorkside,scrum,0.43
555,560,scrum the yorkside,scrum,0.43
558,563,scrum the yorkside their,scrum,0.43
561,566,their such a great speed match ups we set scrum time 34 scrumps this year coming into this tournament out of 34 but,scrum,0.43
564,569,such a great speed match ups we set scrum time 34 scrumps this year coming into this tournament out of 34 but,scrum,0.43
567,572,match ups we set scrum time 34 scrumps this year coming into this tournament out of 34 but,scrum,0.43
570,575,match ups we set scrum time 34 scrumps this year coming into this tournament out of 34 but they lost one of their own against romania and one against scotland,scrum,0.43
573,578,match ups we set scrum time 34 scrumps this year coming into this tournament out of 34 but they lost one of their own against romania and one against scotland,scrum,0.43
576,581,they lost one of their own against romania and one against scotland arlen you pulled it back and went early next ones up in early wait for michael,scrum,0.45
579,584,arlen you pulled it back and went early next ones up in early wait for michael well get to the spring box,scrum,0.45
582,587,arlen you pulled it back and went early next ones up in early wait for michael well get to the spring box,scrum,0.45
585,590,now the scrum yep we all came in early okay wait for the call im waiting for stability,scrum,0.45
588,593,now the scrum yep we all came in early okay wait for the call im waiting for stability,scrum,0.45
591,596,now the scrum yep we all came in early okay wait for the call im waiting for stability then ill call set ill be louder i will,scrum,0.45
594,599,then ill call set ill be louder i will,scrum,0.45
597,602,next ones a penalty wait for the timing of the call,scrum,0.45
600,605,next ones a penalty wait for the timing of the call kitter wants to go again id say furl i wouldnt mind a bit of that,scrum,0.45
603,608,kitter wants to go again id say furl i wouldnt mind a bit of that they all looked around in this one take two,scrum,0.45
606,611,kitter wants to go again id say furl i wouldnt mind a bit of that they all looked around in this one take two two,scrum,0.45
609,614,they all looked around in this one take two two,scrum,0.45
612,617,two,scrum,0.45
615,620,two,scrum,0.45
618,623,two,scrum,0.45
624,629,keep it up now,ruck,0.14
627,632,keep it up now chesham colby lurking behind from the clock its scrum time vissa picks up,ruck,0.14
630,635,chesham colby lurking behind from the clock its scrum time vissa picks up,Scrum,0.7
633,638,chesham colby lurking behind from the clock its scrum time vissa picks up bashes his way upfield,Scrum,0.7
636,641,bashes his way upfield,cross_kick,0.1
639,644,looks for peter steff to toy is that out because rugby player the year three times,normal_play,0
642,647,looks for peter steff to toy is that out because rugby player the year three times,normal_play,0
645,650,looks for peter steff to toy is that out because rugby player the year three times okay use it,normal_play,0
648,653,okay use it,normal_play,0
651,656,pops one high again,normal_play,0
654,659,pops one high again another excellent taker then absolutely eaten on the ground heres mack hansen arlen,normal_play,0
657,662,another excellent taker then absolutely eaten on the ground heres mack hansen arlen,normal_play,0
660,665,another excellent taker then absolutely eaten on the ground heres mack hansen arlen youre fine youre on the wrong side youve got to roll quicker if i want to reward two,penalty,0.32
663,668,youre fine youre on the wrong side youve got to roll quicker if i want to reward two,penalty,0.32
666,671,youre fine youre on the wrong side youve got to roll quicker if i want to reward two youre okay its just fours on the wrong side,normal_play,0
669,674,youre fine youre on the wrong side youve got to roll quicker if i want to reward two youre okay its just fours on the wrong side,normal_play,0
672,677,nice explained by ben okeefe the jackal bungie on benambi on the jackal which was legit,normal_play,0
675,680,nice explained by ben okeefe the jackal bungie on benambi on the jackal which was legit,normal_play,0
678,683,nice explained by ben okeefe the jackal bungie on benambi on the jackal which was legit i was really happy with that contest i thought he was off your arm i thought your elbow was up as,normal_play,0
681,686,nice explained by ben okeefe the jackal bungie on benambi on the jackal which was legit i was really happy with that contest i thought he was off your arm i thought your elbow was up as well thank you but it was even its the best just lying on the wrong side,touch_kick,0.13
684,689,i was really happy with that contest i thought he was off your arm i thought your elbow was up as well thank you but it was even its the best just lying on the wrong side,touch_kick,0.13
687,692,well thank you but it was even its the best just lying on the wrong side tim to be creating a hurdle were playing guys what about that scrum,touch_kick,0.13
690,695,tim to be creating a hurdle were playing guys what about that scrum,touch_kick,0.13
693,698,tim to be creating a hurdle were playing guys what about that scrum,touch_kick,0.13
699,704,the irish forwards reckon that they took great confidence from that win against south africa,replay,0.12
702,707,the irish forwards reckon that they took great confidence from that win against south africa back in november even a couple of the backs have attended the scrum sessions this week,replay,0.12
705,710,the irish forwards reckon that they took great confidence from that win against south africa back in november even a couple of the backs have attended the scrum sessions this week,replay,0.12
708,713,back in november even a couple of the backs have attended the scrum sessions this week so some education in the dark arts of course south africa posed such a physical challenge,replay,0.12
711,716,back in november even a couple of the backs have attended the scrum sessions this week so some education in the dark arts of course south africa posed such a physical challenge,lineout,0.37
714,719,so some education in the dark arts of course south africa posed such a physical challenge but theyre also technically smart so this is going to be a huge challenge for ireland,lineout,0.37
717,722,but theyre also technically smart so this is going to be a huge challenge for ireland,lineout,0.37
723,728,yeah not there they look on some of the extras 11 plays from ireland 11 from south,lineout,0.37
726,731,yeah not there they look on some of the extras 11 plays from ireland 11 from south,lineout,0.32
729,734,yeah not there they look on some of the extras 11 plays from ireland 11 from south africa he played in that last game well here tonight 1960 was a score there arlen winning,lineout,0.32
732,737,africa he played in that last game well here tonight 1960 was a score there arlen winning,lineout,0.32
735,740,africa he played in that last game well here tonight 1960 was a score there arlen winning by three traditionally been very close encounters over the top though the fourth line up goes,lineout,0.32
738,743,by three traditionally been very close encounters over the top though the fourth line up goes,lineout,0.32
741,746,by three traditionally been very close encounters over the top though the fourth line up goes right for andy farrells side a worrying point for them so far in this game,lineout,0.32
744,749,right for andy farrells side a worrying point for them so far in this game,lineout,0.32
747,752,right for andy farrells side a worrying point for them so far in this game,lineout,0.32
753,758,to clack for the touch line this time nice clearance from the scrum off,lineout,0.32
756,761,to clack for the touch line this time nice clearance from the scrum off,lineout,0.32
759,764,to clack for the touch line this time nice clearance from the scrum off yes lovely tekkers from fafda klark there he managed to get his side up towards the 10th,lineout,0.32
762,767,yes lovely tekkers from fafda klark there he managed to get his side up towards the 10th,lineout,0.32
765,770,yes lovely tekkers from fafda klark there he managed to get his side up towards the 10th from that position hes admirable real concern for this ireland line up though,lineout,0.32
768,773,yes lovely tekkers from fafda klark there he managed to get his side up towards the 10th from that position hes admirable real concern for this ireland line up though,lineout,0.32
771,776,from that position hes admirable real concern for this ireland line up though and perhaps south africa wont mind pumping the ball at the sideline,lineout,0.32
774,779,and perhaps south africa wont mind pumping the ball at the sideline continue to put threat theyre going to go for a five man line out,lineout,0.32
777,782,and perhaps south africa wont mind pumping the ball at the sideline continue to put threat theyre going to go for a five man line out,lineout,0.32
780,785,continue to put threat theyre going to go for a five man line out see if they can get it right this time pressure on kelleher,lineout,0.32
783,788,see if they can get it right this time pressure on kelleher,normal_play,0
786,791,see if they can get it right this time pressure on kelleher 25 year old hes 24th cap for ireland can he find hes mark,normal_play,0
789,794,25 year old hes 24th cap for ireland can he find hes mark,normal_play,0
792,797,25 year old hes 24th cap for ireland can he find hes mark yes is the answer guido manny with a great take in his 100th appearance,normal_play,0
795,800,yes is the answer guido manny with a great take in his 100th appearance and now flat ball in the middle from sexton changes direction ring rose throws a dummy,normal_play,0
798,803,yes is the answer guido manny with a great take in his 100th appearance and now flat ball in the middle from sexton changes direction ring rose throws a dummy,normal_play,0
801,806,and now flat ball in the middle from sexton changes direction ring rose throws a dummy,near_try,0.7
804,809,and now flat ball in the middle from sexton changes direction ring rose throws a dummy,near_try,0.7
807,812,ireland carry worth james ryan plays play of the ufra ireland in 2019,near_try,0.7
810,815,ireland carry worth james ryan plays play of the ufra ireland in 2019,near_try,0.7
813,818,ireland carry worth james ryan plays play of the ufra ireland in 2019 khaleesi a real nuisance around the breakdown,near_try,0.7
816,821,khaleesi a real nuisance around the breakdown sexton nice dummy couple of fakes and they go over the top here comes ireland now,near_try,0.7
819,824,khaleesi a real nuisance around the breakdown sexton nice dummy couple of fakes and they go over the top here comes ireland now,near_try,0.7
822,827,sexton nice dummy couple of fakes and they go over the top here comes ireland now,near_try,0.7
825,830,sexton nice dummy couple of fakes and they go over the top here comes ireland now beautiful but a word keenan the fox gets very close does hugo keenan,near_try,0.7
828,833,beautiful but a word keenan the fox gets very close does hugo keenan akir is in there as well kelleher on the right here come the irish now kaelan doris,near_try,0.7
831,836,beautiful but a word keenan the fox gets very close does hugo keenan akir is in there as well kelleher on the right here come the irish now kaelan doris,replay,0.27
834,839,akir is in there as well kelleher on the right here come the irish now kaelan doris,replay,0.27
837,842,akir is in there as well kelleher on the right here come the irish now kaelan doris,replay,0.27
840,845,they get very very close,replay,0.27
843,848,they get very very close,replay,0.27
846,851,and thats off the back of a fabulous sequence of attack they managed to get the line out,replay,0.27
849,854,and thats off the back of a fabulous sequence of attack they managed to get the line out,replay,0.27
852,857,and thats off the back of a fabulous sequence of attack they managed to get the line out,replay,0.27
855,860,and thats off the back of a fabulous sequence of attack they managed to get the line out right this time and then they were off and running what about the throw over the top,replay,0.27
858,863,right this time and then they were off and running what about the throw over the top the punt and then that perfectly played ball its keenan with the fend the pirouette and,replay,0.27
861,866,right this time and then they were off and running what about the throw over the top the punt and then that perfectly played ball its keenan with the fend the pirouette and,replay,0.27
864,869,the punt and then that perfectly played ball its keenan with the fend the pirouette and so close guys times not up lets go please speaking to andy farrell pre match even he wasnt,Kick,0.6
867,872,so close guys times not up lets go please speaking to andy farrell pre match even he wasnt,normal_play,0
870,875,so close guys times not up lets go please speaking to andy farrell pre match even he wasnt sure if they were going to be able to play that attacking attractive rugby that they have played,normal_play,0
873,878,so close guys times not up lets go please speaking to andy farrell pre match even he wasnt sure if they were going to be able to play that attacking attractive rugby that they have played,normal_play,0
876,881,sure if they were going to be able to play that attacking attractive rugby that they have played in the first two games given the physicality of the south african side,normal_play,0
879,884,sure if they were going to be able to play that attacking attractive rugby that they have played in the first two games given the physicality of the south african side but its pretty clear the intent is there already as we say andre pollard there,normal_play,0
882,887,in the first two games given the physicality of the south african side but its pretty clear the intent is there already as we say andre pollard there hes going to come back into the south african squad officially as a replacement for malcolm marx,scrum,0.37
885,890,but its pretty clear the intent is there already as we say andre pollard there hes going to come back into the south african squad officially as a replacement for malcolm marx,scrum,0.37
888,893,hes going to come back into the south african squad officially as a replacement for malcolm marx,scrum,0.37
891,896,hes going to come back into the south african squad officially as a replacement for malcolm marx,scrum,0.37
897,902,good hide this side great audio there from the crowd and as you said andre pollard,scrum,0.37
900,905,good hide this side great audio there from the crowd and as you said andre pollard,scrum,0.37
903,908,great audio there from the crowd and as you said andre pollard,scrum,0.37
906,911,great audio there from the crowd and as you said andre pollard amazing addition for sherab gussite kick 22 points to the regular world cup final in 2019,scrum,0.37
909,914,amazing addition for sherab gussite kick 22 points to the regular world cup final in 2019,penalty,0.32
912,917,amazing addition for sherab gussite kick 22 points to the regular world cup final in 2019 against england recovered from his car kennedy south africa its gone tight,penalty,0.32
915,920,amazing addition for sherab gussite kick 22 points to the regular world cup final in 2019 against england recovered from his car kennedy south africa its gone tight,Kick,0.6
918,923,against england recovered from his car kennedy south africa its gone tight youve gone again twice its now a penalty yes wait for my call please,Penalty,0.75
921,926,against england recovered from his car kennedy south africa its gone tight youve gone again twice its now a penalty yes wait for my call please,touch_kick,0.23
924,929,youve gone again twice its now a penalty yes wait for my call please,touch_kick,0.23
930,935,another early engagement identification from referee ben okeefe i dont think theres a,touch_kick,0.23
933,938,another early engagement identification from referee ben okeefe i dont think theres a problem when theyre down scrumming in at the moment its just the process obviously not,normal_play,0
936,941,another early engagement identification from referee ben okeefe i dont think theres a problem when theyre down scrumming in at the moment its just the process obviously not quite ofeefe with mr okeefes calls or something but i need you to be able to adapt to the call,normal_play,0
939,944,problem when theyre down scrumming in at the moment its just the process obviously not quite ofeefe with mr okeefes calls or something but i need you to be able to adapt to the call,normal_play,0
942,947,quite ofeefe with mr okeefes calls or something but i need you to be able to adapt to the call its slow im waiting for balance and then you can go okay i saw green come first okay,normal_play,0
945,950,quite ofeefe with mr okeefes calls or something but i need you to be able to adapt to the call its slow im waiting for balance and then you can go okay i saw green come first okay,lineout,0.45
948,953,its slow im waiting for balance and then you can go okay i saw green come first okay,lineout,0.45
951,956,its slow im waiting for balance and then you can go okay i saw green come first okay please adapt thank you often its because theyre so desperate to meet the hit against a strong,lineout,0.45
954,959,please adapt thank you often its because theyre so desperate to meet the hit against a strong scrumming side they dont want to lose that initial hit but at the moment theyre going early,lineout,0.45
957,962,please adapt thank you often its because theyre so desperate to meet the hit against a strong scrumming side they dont want to lose that initial hit but at the moment theyre going early,normal_play,0
960,965,scrumming side they dont want to lose that initial hit but at the moment theyre going early,normal_play,0
963,968,so theyre able to get their line with itzebeth in the front,normal_play,0
